{
  "rasa_nlu_data": {
    "common_examples": [
      {
        "intent": "greet",
        "text": "Hi"
      },
      {
        "intent": "greet",
        "text": "Hello"
      },
      {
        "intent": "greet",
        "text": "Hey"
      },
      {
        "intent": "greet",
        "text": "Namaste"
      },
      {
        "intent": "greet",
        "text": "Vanakkam"
      },
      {
        "intent": "greet",
        "text": "hi"
      },
      {
        "intent": "greet",
        "text": "hey"
      },
      {
        "intent": "goodbye",
        "text": "Bye"
      },
      {
        "intent": "goodbye",
        "text": "See you"
      },
      {
        "intent": "goodbye",
        "text": "See ya"
      },
      {
        "intent": "goodbye",
        "text": "Thanks for the help"
      },
      {
        "intent": "goodbye",
        "text": "Will talk again"
      },
      {
        "intent": "goodbye",
        "text": "Talk to you later"
      },
      {
        "intent": "goodbye",
        "text": "ttyl"
      },
      {
        "intent": "train_status",
        "text": "What is the train timing?"
      },
      {
        "intent": "train_status",
        "entities": [
          {
            "start": 13,
            "end": 18,
            "value": "14005",
            "entity": "train_number"
          }
        ],
        "text": "train number 14005"
      },
      {
        "intent": "train_status",
        "entities": [
          {
            "start": 22,
            "end": 27,
            "value": "75289",
            "entity": "train_number"
          }
        ],
        "text": "What is the status of 75289?"
      },
      {
        "intent": "train_status",
        "entities": [
          {
            "start": 32,
            "end": 37,
            "value": "07147",
            "entity": "train_number"
          }
        ],
        "text": "What is status for train number 07147"
      },
      {
        "intent": "train_status",
        "entities": [
          {
            "start": 7,
            "end": 12,
            "value": "98985",
            "entity": "train_number"
          }
        ],
        "text": "status 98985"
      },
      {
        "intent": "train_status",
        "entities": [
          {
            "start": 0,
            "end": 5,
            "value": "01254",
            "entity": "train_number"
          }
        ],
        "text": "01254"
      },
      {
        "intent": "train_status",
        "entities": [
          {
            "start": 32,
            "end": 35,
            "value": "NJP",
            "entity": "location"
          },
          {
            "start": 20,
            "end": 25,
            "value": "22612",
            "entity": "train_number"
          }
        ],
        "text": "When does the train 22612 reach NJP"
      },
      {
        "intent": "train_status",
        "entities": [
          {
            "start": 10,
            "end": 15,
            "value": "21784",
            "entity": "train_number"
          }
        ],
        "text": "Timing of 21784"
      },
      {
        "intent": "pnr_status",
        "entities": [
          {
            "start": 26,
            "end": 36,
            "value": "1023456789",
            "entity": "pnr"
          }
        ],
        "text": "What is the pnr status of 1023456789"
      },
      {
        "intent": "pnr_status",
        "entities": [
          {
            "start": 4,
            "end": 14,
            "value": "1023456879",
            "entity": "pnr"
          }
        ],
        "text": "pnr 1023456879"
      },
      {
        "intent": "pnr_status",
        "entities": [
          {
            "start": 3,
            "end": 13,
            "value": "1023457896",
            "entity": "pnr"
          }
        ],
        "text": "Is 1023457896 confirmed ?"
      },
      {
        "intent": "pnr_status",
        "entities": [
          {
            "start": 0,
            "end": 10,
            "value": "1023456799",
            "entity": "pnr"
          }
        ],
        "text": "1023456799"
      },
      {
        "intent": "pnr_status",
        "entities": [
          {
            "start": 10,
            "end": 20,
            "value": "7845961230",
            "entity": "pnr"
          }
        ],
        "text": "status of 7845961230"
      },
      {
        "intent": "greet",
        "text": "How are you?"
      },
      {
        "intent": "greet",
        "text": "I am fine. Are you?"
      },
      {
        "intent": "greet",
        "text": "How do u do man"
      },
      {
        "intent": "greet",
        "text": "It has been long since I saw you last, how do you do ?"
      },
      {
        "intent": "greet",
        "text": "how is everything going?"
      },
      {
        "intent": "greet",
        "text": "Are you alright?"
      },
      {
        "intent": "greet",
        "text": "Good Morning"
      },
      {
        "intent": "greet",
        "text": "Good Afternoon"
      },
      {
        "intent": "goodbye",
        "text": "Good Night"
      }
    ],
    "regex_features": [],
    "lookup_tables": [],
    "entity_synonyms": []
  }
}